{"redundancy_15_100_0.01_True": {"send_failed": 247, "no_path_found": 53, "Transactions successful": 232, "path_length_avg": 5.77327935222672, "block_locked_fund_avg": 26705321733.866665, "honest_node_balance_avg": 16990841414141.414, "soft_griefing_node_balance_avg": 16989000000000.0}, "redundancy_15_100_0.05_True": {"no_path_found": 47, "send_failed": 253, "Transactions successful": 199, "path_length_avg": 5.707509881422925, "block_locked_fund_avg": 20365670716.6, "honest_node_balance_avg": 16991431578947.37, "soft_griefing_node_balance_avg": 16994000000000.0}, "redundancy_15_100_0.1_True": {"no_path_found": 46, "send_failed": 254, "Transactions successful": 179, "path_length_avg": 6.3858267716535435, "block_locked_fund_avg": 42591481403.73333, "honest_node_balance_avg": 16991240000000.0, "soft_griefing_node_balance_avg": 16995830000000.0}, "redundancy_15_100_0.15_True": {"send_failed": 252, "no_path_found": 48, "Transactions successful": 140, "path_length_avg": 5.634920634920635, "block_locked_fund_avg": 35017117980.6, "honest_node_balance_avg": 16990860588235.295, "soft_griefing_node_balance_avg": 16994236666666.666}}